States,RACIPE frequency,Boolean frequency
"""101""",0.3595380555555566,0.5121
"""010""",0.3192377777777791,0.4879
"""111""",0.06675111111111151,0
"""011""",0.07437095238095279,0
"""110""",0.05045194444444448,0
"""001""",0.06771099206349168,0
"""000""",0.04834583333333354,0
"""100""",0.018193333333333294,0
