States,RACIPE frequency,Boolean frequency
"""010""",0.038509999999999094,0
"""110""",0.13594611111110877,0.2324
"""100""",0.3148175000000002,0.2776
"""011""",0.3127120634920637,0.2663
"""001""",0.1363716666666649,0.2237
"""101""",0.023116944444444384,0
"""000""",0.019821666666666654,0
"""111""",0.024504047619047512,0
