States,RACIPE frequency,Boolean frequency
"""000""",0.09441166666666694,0
"""111""",0.11032999999999675,0
"""001""",0.09724500000000033,0
"""011""",0.20740999999999654,0.4957
"""100""",0.17837333333333266,0.5043
"""101""",0.1282699999999979,0
"""010""",0.10333142857142784,0
"""110""",0.08312857142857212,0
