States,RACIPE frequency,Boolean frequency
"""100""",0.33286666666666737,0.5021
"""011""",0.35240000000000093,0.4979
"""111""",0.08126666666666674,0
"""110""",0.04666666666666662,0
"""000""",0.05233333333333335,0
"""101""",0.059633333333333406,0
"""010""",0.04813333333333332,0
"""001""",0.026699999999999977,0
