States,RACIPE frequency,Boolean frequency
"""110""",0.3472916666666677,0.5075
"""001""",0.34157500000000107,0.4925
"""111""",0.08103333333333344,0
"""010""",0.05090000000000027,0
"""011""",0.04404999999999996,0
"""101""",0.07251666666666674,0
"""000""",0.04124999999999998,0
"""100""",0.025583333333333347,0
