States,RACIPE frequency,Boolean frequency
"""100""",0.27496666666666814,0.3161
"""011""",0.27773333333333494,0.3129
"""010""",0.029149999999999968,0
"""001""",0.15683333333333258,0.1851
"""110""",0.18421666666666614,0.1859
"""111""",0.032849999999999956,0
"""000""",0.017666666666666678,0
"""101""",0.026583333333333292,0
