States,RACIPE frequency,Boolean frequency
"""100""",0.27616984126983407,0.4982
"""011""",0.29118960317459774,0.5018
"""001""",0.10347345238095204,0
"""000""",0.049750952380952736,0
"""010""",0.06209583333333411,0
"""101""",0.06537003968254139,0
"""110""",0.09110952380952538,0
"""111""",0.0608407539682558,0
