States,RACIPE frequency,Boolean frequency
"""011""",0.42191666666666194,0.4988
"""100""",0.44974999999999615,0.5012
"""001""",0.01996666666666669,0
"""010""",0.031099999999999964,0
"""111""",0.020766666666666704,0
"""101""",0.00934999999999999,0
"""110""",0.03896666666666658,0
"""000""",0.00818333333333333,0
