States,RACIPE frequency,Boolean frequency
"""001""",0.18484761904761726,0.2695
"""011""",0.2620352777777782,0.2324
"""100""",0.2775942857142863,0.2317
"""010""",0.02673833333333336,0
"""111""",0.03066833333333364,0
"""110""",0.17439805555555177,0.2664
"""000""",0.025179999999999998,0
"""101""",0.025538095238095183,0
