States,RACIPE frequency,Boolean frequency
"""100""",0.26517194444444475,0.2358
"""111""",0.028427261904762444,0
"""011""",0.2710397619047633,0.2327
"""110""",0.16881257936507646,0.2676
"""001""",0.18246980158729995,0.2639
"""010""",0.033575000000000146,0
"""000""",0.02499111111111111,0
"""101""",0.02551253968253962,0
