States,RACIPE frequency,Boolean frequency
"""011""",0.23089761904761663,0.4949
"""000""",0.06752666666666729,0
"""100""",0.22935305555555488,0.5051
"""001""",0.11366535714285601,0
"""101""",0.09575722222222269,0
"""010""",0.0758633333333336,0
"""111""",0.08380912698412753,0
"""110""",0.10522761904761714,0
