States,RACIPE frequency,Boolean frequency
"""000""",0.030413333333333556,0
"""101""",0.40702710317460583,0.5059
"""111""",0.05924000000000047,0
"""010""",0.33202095238095347,0.4941
"""011""",0.07741333333333358,0
"""100""",0.01208285714285707,0
"""110""",0.05052242063492074,0
"""001""",0.04288000000000018,0
