Var1,Var2,Var3
H,8529,90.2826294061607
HM,493,5.2185879115063
EH,221,2.33936699481317
E,196,2.07473271938181
M,7,0.0740975971207791
EHM,1,0.0105853710172542
