Var1,Var2,Var3
EM,3752,37.9296401132228
E,2946,29.7816417306915
M,2218,22.4221593206632
HM,729,7.36959158916296
H,139,1.40517589971694
EH,54,0.54589567327133
EHM,54,0.54589567327133
