States,RACIPE frequency,Boolean frequency
"""11""",0.3361554761904703,0.3688
"""10""",0.1876546825396792,0.1271
"""01""",0.1857278571428526,0.1242
"""00""",0.2904619841269803,0.3799
