States,RACIPE frequency,Boolean frequency
"""11""",0.18949642857142693,0.3674
"""00""",0.22470746031745975,0.3829
"""01""",0.2438583333333327,0.1245
"""10""",0.34193777777777723,0.1252
