States,RACIPE frequency,Boolean frequency
"""01""",0.4289499999999964,0.5004
"""10""",0.4406999999999971,0.4996
"""11""",0.07736666666666685,0
"""00""",0.05298333333333342,0
