States,RACIPE frequency,Boolean frequency
"""00""",0.1903,0
"""11""",0.1973,0
"""01""",0.30565,0.4951794322442421
"""10""",0.30675,0.5048205677557579
