States,RACIPE frequency,Boolean frequency
"""10""",0.43610833333331167,0.507
"""01""",0.4426666666666397,0.493
"""11""",0.07725000000000112,0
"""00""",0.043974999999999535,0
