States,RACIPE frequency,Boolean frequency
"""01""",0.37835496031744903,0.4993
"""11""",0.10547476190476354,0
"""10""",0.3699327380952148,0.5007
"""00""",0.14623753968253203,0
