States,RACIPE frequency,Boolean frequency
"""11""",0.177839642857141,0.1195
"""00""",0.19230035714285568,0.1253
"""10""",0.33869769841269476,0.3747
"""01""",0.29116230158730116,0.3805
