States,RACIPE frequency,Boolean frequency
"""00""",0.10984999999999986,0
"""01""",0.35413333333333447,0.498
"""11""",0.16413333333333302,0
"""10""",0.37188333333333395,0.502
