States,RACIPE frequency,Boolean frequency
"""01""",0.4602333333333094,0.4977
"""10""",0.46476666666664107,0.5023
"""11""",0.04382499999999969,0
"""00""",0.0311749999999997,0
