States,RACIPE frequency,Boolean frequency
"""00""",0.11331666666666657,0.1247
"""10""",0.41421666666666296,0.3805
"""01""",0.3846666666666693,0.3675
"""11""",0.08780000000000036,0.1273
