States,RACIPE frequency,Boolean frequency
"""11""",0.07340000000000026,0.1243
"""00""",0.11956666666666647,0.1228
"""10""",0.42881666666666324,0.3702
"""01""",0.3782166666666688,0.3827
