States,RACIPE frequency,Boolean frequency
"""01""",0.434166666666662,0.4903
"""10""",0.47061666666666324,0.5097
"""00""",0.042416666666666644,0
"""11""",0.05280000000000017,0
