States,RACIPE frequency,Boolean frequency
"""11""",0.06901666666666689,0.1265
"""01""",0.4064833333333366,0.3767
"""10""",0.44324999999999537,0.3759
"""00""",0.08125000000000014,0.1209
