States,RACIPE frequency,Boolean frequency
"""10""",0.43206666666666405,0.3717
"""11""",0.07526666666666693,0.1276
"""01""",0.3913000000000017,0.3708
"""00""",0.10136666666666673,0.1299
