States,RACIPE frequency,Boolean frequency
"""10""",0.4200283333333552,0.4961
"""01""",0.46942333333328595,0.5039
"""00""",0.048886666666666134,0
"""11""",0.06166166666666726,0
