States,RACIPE frequency,Boolean frequency
"""01""",0.41328333333333,0.502
"""10""",0.4771333333333309,0.498
"""11""",0.0593666666666669,0
"""00""",0.05021666666666663,0
