States,RACIPE frequency,Boolean frequency
"""10""",0.4577166666666638,0.5047
"""01""",0.4126666666666644,0.4953
"""00""",0.06036666666666674,0
"""11""",0.06925000000000019,0
