States,RACIPE frequency,Boolean frequency
"""11""",0.28893059523809245,0.1305
"""01""",0.20707055555555168,0.3746
"""10""",0.23124412698412433,0.3719
"""00""",0.27275472222221925,0.123
