Var1,Var2,Var3
H,8581,90.9968186638388
HM,442,4.68716861081654
EH,204,2.16330858960764
E,198,2.09968186638388
M,4,0.0424178154825027
EHM,1,0.0106044538706257
