States,RACIPE frequency,Boolean frequency
"""110""",0.3086833333333338,0.4995
"""011""",0.049666666666666644,0
"""101""",0.06815000000000002,0
"""000""",0.12179999999999988,0
"""001""",0.23110000000000042,0.5005
"""111""",0.11674999999999987,0
"""100""",0.04579999999999999,0
"""010""",0.05805000000000003,0
