States,RACIPE frequency,Boolean frequency
"""000""",0.11659301587301515,0
"""011""",0.08615297619047693,0
"""101""",0.05739861111111146,0
"""010""",0.07615829365079399,0
"""001""",0.23238392857142726,0.4997
"""111""",0.08242027777777922,0
"""110""",0.26879115079364657,0.5003
"""100""",0.08010174603174638,0
