States,RACIPE frequency,Boolean frequency
"""110""",0.22100428571428596,0.4961708988311165
"""010""",0.14502107142857024,0
"""101""",0.15739388888888672,0
"""001""",0.22902496031745992,0.5038291011688835
"""011""",0.07410444444444507,0
"""100""",0.0570102380952382,0
"""000""",0.03880873015873019,0
"""111""",0.0776323809523817,0
