States,RACIPE frequency,Boolean frequency
"""000""",0.1036,0
"""111""",0.10454999999999998,0
"""010""",0.10954999999999998,0
"""110""",0.13365,0.3007
"""001""",0.12438333333333333,0.3168
"""011""",0.14725,0.1849
"""101""",0.10073333333333334,0
"""100""",0.17628333333333332,0.1976
