States,RACIPE frequency,Boolean frequency
"""100""",0.13971999999999962,0
"""111""",0.1027467460317458,0
"""101""",0.1215572222222215,0
"""001""",0.13854666666666568,0.4987
"""110""",0.1489622222222219,0.5013
"""000""",0.10022000000000005,0
"""010""",0.1268069444444437,0
"""011""",0.12144019841269744,0
