States,RACIPE frequency,Boolean frequency
"""100""",0.12760249999999967,0
"""111""",0.10060833333333351,0
"""101""",0.12289722222222146,0
"""000""",0.09823000000000004,0
"""001""",0.13987666666666634,0.5035
"""010""",0.1284170238095238,0
"""011""",0.12255249999999951,0
"""110""",0.1619157539682535,0.4965
