States,RACIPE frequency,Boolean frequency
"""110""",0.20527158730158662,0.2881
"""100""",0.1880346031746028,0.2077
"""001""",0.17283333333333317,0.2959
"""000""",0.08010738095238103,0
"""111""",0.06546333333333347,0
"""011""",0.163190952380952,0.2083
"""010""",0.07120214285714291,0
"""101""",0.053896666666666794,0
