States,RACIPE frequency,Boolean frequency
"""110""",0.25743333333333457,0.484503099380124
"""001""",0.25456666666666733,0.5154969006198761
"""101""",0.08225000000000011,0
"""011""",0.11818333333333313,0
"""100""",0.10811666666666638,0
"""111""",0.0838000000000001,0
"""010""",0.05663333333333343,0
"""000""",0.039016666666666644,0
