States,RACIPE frequency,Boolean frequency
"""100""",0.15816718253968226,0.5046
"""011""",0.14596912698412648,0.4954
"""111""",0.12854392857142827,0
"""000""",0.1192544444444442,0
"""001""",0.11746166666666616,0
"""010""",0.10562253968253955,0
"""101""",0.09264194444444465,0
"""110""",0.13233916666666645,0
