States,RACIPE frequency,Boolean frequency
"""100""",0.09696166666666685,0
"""010""",0.2939141666666685,0.503
"""011""",0.10569333333333276,0
"""101""",0.2834650000000015,0.497
"""000""",0.0590516666666668,0
"""111""",0.05882000000000027,0
"""001""",0.058616666666665845,0
"""110""",0.05217750000000009,0
