States,RACIPE frequency,Boolean frequency
"""100""",0.2537715079365071,0.2103
"""011""",0.21918956349206273,0.193
"""010""",0.10852222222222115,0
"""001""",0.10050111111111125,0.2939
"""000""",0.0648511111111112,0
"""110""",0.10081099206349274,0.3028
"""111""",0.06446444444444493,0
"""101""",0.0878890476190479,0
