States,RACIPE frequency,Boolean frequency
"""110""",0.172838333333326,0.1612
"""001""",0.2162659523809527,0.1525
"""100""",0.22347500000000417,0.121
"""111""",0.034676785714285834,0
"""011""",0.20924345238094455,0.1273
"""010""",0.07553833333333594,0.2146
"""000""",0.014423333333333361,0
"""101""",0.05353880952380948,0.2234
