States,RACIPE frequency,Boolean frequency
"""100""",0.35922500000000157,0.5047
"""111""",0.028533333333333258,0
"""001""",0.03988333333333331,0
"""000""",0.02268333333333334,0
"""011""",0.3295500000000021,0.4953
"""110""",0.05336666666666685,0
"""010""",0.11729166666666645,0
"""101""",0.05116666666666661,0
