States,RACIPE frequency,Boolean frequency
"""111""",0.03290222222222231,0
"""101""",0.051508928571428726,0
"""001""",0.097259523809524,0.229
"""010""",0.10082555555555571,0
"""100""",0.3086492857142863,0.2715
"""011""",0.2723258333333342,0.2717
"""110""",0.09574111111111161,0.2278
"""000""",0.04078753968253973,0
