States,RACIPE frequency,Boolean frequency
"""101""",0.27190000000000064,0.5013
"""010""",0.25526666666666753,0.4987
"""011""",0.08666666666666675,0
"""110""",0.07421666666666674,0
"""001""",0.06580000000000004,0
"""100""",0.1009166666666667,0
"""111""",0.08565000000000013,0
"""000""",0.059583333333333335,0
