States,RACIPE frequency,Boolean frequency
"""100""",0.07469190476190515,0.1232
"""101""",0.19107678571428438,0.1225
"""010""",0.18185761904761777,0.1246
"""110""",0.1604177777777766,0.2506
"""011""",0.09470452380952415,0.1224
"""001""",0.17618972222222182,0.2567
"""111""",0.07758888888888922,0
"""000""",0.04557277777777771,0
