States,RACIPE frequency,Boolean frequency
"""011""",0.10915,0
"""111""",0.0826,0
"""001""",0.10025000000000014,0
"""101""",0.2122666666666667,0.5017
"""000""",0.06445,0
"""010""",0.20613333333333334,0.4983
"""110""",0.11,0
"""100""",0.11645,0
