States,RACIPE frequency,Boolean frequency
"""001""",0.10316599206349192,0
"""101""",0.2190170238095176,0.5082
"""100""",0.11434956349205906,0
"""010""",0.21431583333332951,0.4918
"""011""",0.09225944444444581,0
"""110""",0.08751543650793775,0
"""000""",0.07697611111111154,0
"""111""",0.09240059523809738,0
