States,RACIPE frequency,Boolean frequency
"""111""",0.12365,0
"""011""",0.18375,0.4892
"""000""",0.112,0
"""010""",0.1114,0
"""100""",0.17905,0.5108
"""110""",0.0924,0
"""001""",0.09015,0
"""101""",0.1076,0
