States,RACIPE frequency,Boolean frequency
"""110""",0.08660472222222229,0
"""100""",0.18615194444444425,0.5042
"""011""",0.1900549999999994,0.4958
"""101""",0.13305055555555545,0
"""010""",0.13130984126984216,0
"""001""",0.08619285714285717,0
"""111""",0.0995897222222224,0
"""000""",0.08954535714285718,0
