States,RACIPE frequency,Boolean frequency
"""010""",0.12965749999999981,0
"""001""",0.0871191666666667,0
"""011""",0.1886470238095235,0.5019
"""111""",0.10179797619047627,0
"""000""",0.09035250000000006,0
"""110""",0.08844761904761915,0
"""101""",0.12901488095238078,0
"""100""",0.18496333333333304,0.4981
