States,RACIPE frequency,Boolean frequency
"""011""",0.3867416666666736,0.5014
"""100""",0.3339000000000065,0.4986
"""010""",0.019916666666666735,0
"""000""",0.06351666666666687,0
"""101""",0.04129999999999981,0
"""001""",0.04081666666666656,0
"""111""",0.06504166666666712,0
"""110""",0.04876666666666636,0
