States,RACIPE frequency,Boolean frequency
"""110""",0.13479749999999757,0
"""101""",0.12354666666666374,0.2559
"""011""",0.18125007936507506,0.2391
"""001""",0.16217984126983867,0
"""100""",0.1855349999999979,0.2607
"""000""",0.042443015873015875,0
"""010""",0.10392789682539681,0.2443
"""111""",0.06632000000000085,0
