States,RACIPE frequency,Boolean frequency
"""101""",0.12783999999999768,0.2475
"""100""",0.1958659523809506,0.2503
"""001""",0.1539638888888859,0
"""011""",0.18316857142856735,0.253
"""000""",0.042418333333333266,0
"""111""",0.06642690476190549,0
"""010""",0.09471646825396882,0.2492
"""110""",0.13929988095237894,0
