States,RACIPE frequency,Boolean frequency
"""100""",0.27240000000000025,0.4918
"""111""",0.07870000000000002,0
"""001""",0.03853333333333333,0
"""011""",0.2624000000000003,0.5082
"""010""",0.1341666666666666,0
"""101""",0.08540000000000003,0
"""000""",0.061950000000000026,0
"""110""",0.06645000000000004,0
