States,RACIPE frequency,Boolean frequency
"""011""",0.25371666666666703,0.5043
"""000""",0.060833333333333336,0
"""100""",0.279816666666667,0.4957
"""001""",0.04344999999999998,0
"""110""",0.06411666666666672,0
"""010""",0.12948333333333328,0
"""111""",0.08191666666666668,0
"""101""",0.0866666666666667,0
