States,RACIPE frequency,Boolean frequency
"""010""",0.11633095238095117,0
"""011""",0.1644734920634907,0.1662
"""100""",0.18719928571428504,0.1663
"""101""",0.10359714285714224,0
"""001""",0.11149976190476134,0.3352
"""110""",0.11975095238095157,0.3323
"""111""",0.09836841269841293,0
"""000""",0.10247999999999995,0
