States,RACIPE frequency,Boolean frequency
"""110""",0.17094714285714244,0.2013
"""100""",0.22265488095238142,0.2945
"""011""",0.18848249999999978,0.2988
"""001""",0.14591305555555528,0.2054
"""000""",0.06960035714285719,0
"""111""",0.0633441666666668,0
"""101""",0.054607777777777936,0
"""010""",0.08445011904761913,0
