States,RACIPE frequency,Boolean frequency
"""101""",0.1839249999999984,0
"""010""",0.15596583333333147,0
"""100""",0.19617539682539434,0
"""110""",0.07620154761904867,0.494469746258946
"""011""",0.20538555555555305,0
"""111""",0.0524213888888888,0
"""000""",0.03813833333333325,0
"""001""",0.09468694444444509,0.505530253741054
