States,RACIPE frequency,Boolean frequency
"""100""",0.28520333333333414,0.2628
"""110""",0.14722999999999936,0.2347
"""001""",0.11425333333333294,0.2296
"""011""",0.23340000000000063,0.2729
"""010""",0.08175666666666678,0
"""101""",0.04885000000000003,0
"""111""",0.04163000000000009,0
"""000""",0.05097666666666664,0
