States,RACIPE frequency,Boolean frequency
"""101""",0.06396833333333381,0
"""011""",0.27039396825396866,0.5003
"""100""",0.3286963095238091,0.4997
"""000""",0.03552857142857143,0
"""001""",0.07123345238095255,0
"""110""",0.08707242063492122,0
"""010""",0.10226773809523837,0
"""111""",0.04083920634920677,0
