States,RACIPE frequency,Boolean frequency
"""100""",0.3208841269841278,0.2749
"""011""",0.3074415079365084,0.2721
"""110""",0.13856047619047365,0.2305
"""111""",0.026421666666666822,0
"""000""",0.01854555555555553,0
"""001""",0.13635928571428396,0.2225
"""010""",0.03188452380952391,0
"""101""",0.02320285714285708,0
