States,RACIPE frequency,Boolean frequency
"""001""",0.024416666666666684,0
"""011""",0.33272500000000194,0.5112
"""100""",0.37937500000000174,0.4888
"""000""",0.014500000000000006,0
"""010""",0.11834999999999973,0
"""111""",0.027916666666666593,0
"""101""",0.05552500000000009,0
"""110""",0.047191666666666576,0
