States,RACIPE frequency,Boolean frequency
"""000""",0.03311000000000001,0
"""001""",0.07594785714285732,0.2345
"""101""",0.056565238095238314,0
"""100""",0.3356069047619122,0.2606
"""011""",0.275783015873017,0.2772
"""010""",0.0923933333333336,0
"""110""",0.09732269841269876,0.2277
"""111""",0.036970952380952465,0
