States,RACIPE frequency,Boolean frequency
"""011""",0.23615757936508117,0.2274
"""110""",0.1354108730158718,0.2725
"""101""",0.05290555555555566,0
"""100""",0.26974702380952453,0.2326
"""000""",0.05725444444444448,0
"""111""",0.03933257936507934,0
"""001""",0.12063444444444399,0.2675
"""010""",0.08855750000000016,0
