States,RACIPE frequency,Boolean frequency
"""011""",0.23222273809523858,0
"""101""",0.13016023809523722,0
"""110""",0.09229623015873041,0.4978127734033246
"""010""",0.13375630952380882,0
"""100""",0.2334387301587311,0
"""001""",0.09753373015873033,0.5021872265966754
"""000""",0.03657333333333333,0
"""111""",0.0440186904761905,0
