States,RACIPE frequency,Boolean frequency
"""011""",0.24060071428571514,0.2276
"""101""",0.051114285714285765,0
"""111""",0.04174686507936528,0
"""110""",0.11488373015872837,0.2715
"""100""",0.2976734523809597,0.229
"""001""",0.1087154761904757,0.2719
"""000""",0.054895000000000096,0
"""010""",0.09407047619047637,0
