States,RACIPE frequency,Boolean frequency
"""001""",0.11020916666666591,0.1765
"""011""",0.24048380952381013,0.3218
"""110""",0.07100166666666713,0.1791
"""100""",0.34397583333333337,0.3226
"""111""",0.031031904761904927,0
"""010""",0.08739500000000022,0
"""101""",0.065179166666667,0
"""000""",0.05072345238095245,0
