States,RACIPE frequency,Boolean frequency
"""110""",0.0887924603174607,0
"""010""",0.10219702380952396,0
"""000""",0.05584333333333338,0
"""101""",0.07457642857142881,0
"""011""",0.2586209523809522,0.4978
"""100""",0.2938153571428569,0.5022
"""111""",0.04643765873015904,0
"""001""",0.07971678571428589,0
