States,RACIPE frequency,Boolean frequency
"""0011""",0.06675,0
"""1100""",0.0669,0
"""0000""",0.0407,0
"""0100""",0.04565,0
"""0111""",0.04465,0
"""1111""",0.05825,0
"""1110""",0.09295,0.4914
"""0101""",0.05555,0
"""0001""",0.10825,0.5086
"""0010""",0.0494,0
"""1000""",0.03895,0
"""1101""",0.07815,0
"""1011""",0.0645,0
"""1001""",0.06815,0
"""1010""",0.051,0
"""0110""",0.0702,0
