States,RACIPE frequency,Boolean frequency
"""1111""",0.04565,0
"""1011""",0.1402,0.5087
"""0011""",0.0734,0
"""0100""",0.1312,0.4913
"""0111""",0.07515,0
"""1001""",0.0967,0
"""0010""",0.0205,0
"""0101""",0.0655,0
"""0110""",0.0497,0
"""1010""",0.0519,0
"""0001""",0.0475,0
"""1110""",0.0373,0
"""1100""",0.06275,0
"""1101""",0.0395,0
"""1000""",0.0424,0
"""0000""",0.02065,0
