States,RACIPE frequency,Boolean frequency
"""1010""",0.0955,0.4929
"""1001""",0.06645,0
"""1111""",0.0575,0
"""1000""",0.07975,0
"""1011""",0.06535,0
"""1110""",0.0406,0
"""1101""",0.07880000000000002,0
"""0111""",0.07550000000000003,0
"""0100""",0.04275,0
"""0011""",0.03775,0
"""0010""",0.068,0
"""0101""",0.13,0.5071
"""0001""",0.03975,0
"""1100""",0.03335,0
"""0110""",0.06110000000000175,0
"""0000""",0.03555,0
