States,RACIPE frequency,Boolean frequency
"""0110""",0.11335,0.4978
"""1000""",0.0543,0
"""1101""",0.038,0
"""1001""",0.14395,0.5022
"""0001""",0.0647,0
"""1010""",0.04735,0
"""1111""",0.03645,0
"""0100""",0.0794,0
"""1110""",0.0645,0
"""0111""",0.07005,0
"""0011""",0.04185,0
"""1011""",0.08065,0
"""1100""",0.041,0
"""0101""",0.07045,0
"""0000""",0.0272,0
"""0010""",0.0268,0
