States,RACIPE frequency,Boolean frequency
"""0011""",0.0464,0
"""1010""",0.047,0
"""1011""",0.08125,0
"""0100""",0.0799,0
"""1001""",0.14305,0.4892
"""0111""",0.06485,0
"""1000""",0.05625,0
"""1110""",0.0631,0
"""0110""",0.1161,0.5108
"""0101""",0.06935,0
"""0001""",0.0659,0
"""1100""",0.0424,0
"""0010""",0.0239,0
"""1101""",0.03915,0
"""0000""",0.02695,0
"""1111""",0.03445,0
