Var1,Var2,Var3
H,2815,34.6035648432698
E,2668,32.7965580823602
HM,1602,19.6926859250154
M,1050,12.9071911493546
