Var1,Var2,Var3
H,2761,33.8233492588509
E,2691,32.9658213891951
HM,1589,19.4658826411858
M,1122,13.7449467107681
