Var1,Var2,Var3
H,2771,34.1256157635468
E,2702,33.2758620689655
HM,1564,19.2610837438424
M,1083,13.3374384236453
