Var1,Var2,Var3
EM,3841,38.8372093023256
E,2876,29.0798786653185
M,2221,22.4570273003033
HM,708,7.1587462082912
H,140,1.41557128412538
EHM,65,0.657229524772498
EH,39,0.394337714863499
