States,RACIPE frequency,Boolean frequency
"""010""",0.11235,0.1674
"""011""",0.12351999999999932,0
"""000""",0.15727999999999992,0.3424
"""110""",0.10998571428571427,0
"""001""",0.08692000000000001,0
"""101""",0.1313,0.1584
"""100""",0.09831428571428572,0
"""111""",0.18322999999999992,0.3318
