States,RACIPE frequency,Boolean frequency
"""010""",0.11623472222222188,0.2534
"""000""",0.14391388888888862,0.2496
"""110""",0.10016333333333338,0
"""100""",0.10096333333333338,0
"""111""",0.17726047619047589,0.2483
"""101""",0.13930388888888873,0.2487
"""011""",0.13210146825396926,0
"""001""",0.09255888888888891,0
