States,RACIPE frequency,Boolean frequency
"""101""",0.13515333333333318,0
"""100""",0.11877666666666664,0.2468
"""011""",0.1529833333333326,0.2525
"""111""",0.12278888888888886,0
"""110""",0.14604111111111104,0.2568
"""001""",0.1406299999999999,0.2439
"""010""",0.10441666666666635,0
"""000""",0.08631000000000003,0
