States,RACIPE frequency,Boolean frequency
"""110""",0.1662,0.3421
"""011""",0.11914999999999998,0.1666
"""010""",0.14469999999999478,0
"""100""",0.1127533333333333,0.1634
"""000""",0.0958,0
"""111""",0.12525,0
"""001""",0.13716666666666666,0.3279
"""101""",0.10967999999999993,0
