States,RACIPE frequency,Boolean frequency
"""100""",0.13326666666666645,0.1612
"""011""",0.14679999999999985,0.1532
"""110""",0.18391666666666623,0.0943
"""111""",0.07566666666666676,0
"""001""",0.1949666666666666,0.0932
"""010""",0.1015666666666667,0.2461
"""101""",0.11686666666666654,0.252
"""000""",0.04695,0
