States,RACIPE frequency,Boolean frequency
"""001""",0.1965833333333331,0.0919
"""010""",0.09870000000000007,0.2497
"""101""",0.11668333333333324,0.2505
"""110""",0.17141666666666647,0.0955
"""100""",0.14259999999999978,0.1563
"""011""",0.14711666666666656,0.1561
"""111""",0.07466666666666671,0
"""000""",0.052233333333333375,0
