States,RACIPE frequency,Boolean frequency
"""100""",0.21751638888888747,0.1239
"""110""",0.10931892857142693,0.3819
"""000""",0.0934852777777779,0
"""101""",0.10687111111111042,0
"""011""",0.14961972222222122,0.1253
"""111""",0.09133055555555587,0
"""001""",0.1445519444444436,0.3689
"""010""",0.0873060714285717,0
