States,RACIPE frequency,Boolean frequency
"""101""",0.21311190476190373,0.1279
"""000""",0.14519499999999916,0.3758
"""001""",0.09387722222222243,0
"""100""",0.11282611111111032,0
"""011""",0.08541194444444462,0
"""110""",0.08151222222222268,0
"""111""",0.11236353174602909,0.373
"""010""",0.15570206349206234,0.1233
