States,RACIPE frequency,Boolean frequency
"""100""",0.2763751587301588,0.382
"""110""",0.08963500000000016,0.1227
"""010""",0.10960369047619015,0
"""011""",0.2308396031746032,0.3706
"""000""",0.06315976190476201,0
"""101""",0.07051821428571454,0
"""001""",0.09321940476190492,0.1247
"""111""",0.06664916666666688,0
