States,RACIPE frequency,Boolean frequency
"""110""",0.07832365079365095,0.1236
"""011""",0.2065433730158732,0.3733
"""100""",0.29073801587301557,0.3775
"""010""",0.10296253968253946,0
"""001""",0.11190928571428535,0.1256
"""000""",0.07113773809523813,0
"""111""",0.06475662698412717,0
"""101""",0.07362876984127016,0
