States,RACIPE frequency,Boolean frequency
"""110""",0.07546650793650882,0.1819
"""011""",0.26098444444445307,0.1913
"""100""",0.3127616269841371,0.1838
"""001""",0.16343261904761713,0.1939
"""010""",0.028472500000000026,0.0584
"""000""",0.046075357142856974,0.0643
"""111""",0.06133551587301662,0.0643
"""101""",0.05147142857142834,0.0621
