States,RACIPE frequency,Boolean frequency
"""000""",0.14484999999999998,0.3793
"""110""",0.10277,0
"""010""",0.12984,0.1163
"""101""",0.18035000000000048,0.1132
"""011""",0.07995,0
"""001""",0.11476999999999984,0
"""111""",0.15405,0.3912
"""100""",0.09552000000000001,0
