States,RACIPE frequency,Boolean frequency
"""010""",0.13472333333333256,0.0921
"""011""",0.08704444444444455,0
"""101""",0.1680755555555548,0.0918
"""110""",0.1257877777777777,0.2514
"""001""",0.1460895238095237,0.2481
"""100""",0.09852111111111113,0
"""000""",0.10741380952380916,0.1582
"""111""",0.13524444444444417,0.1584
