States,RACIPE frequency,Boolean frequency
"""011""",0.15428000000000003,0.0963
"""000""",0.14142999999999986,0.2496
"""001""",0.13021333333333301,0.1524
"""110""",0.10567555555555545,0.155
"""111""",0.15619444444444433,0.2521
"""010""",0.07105000000000002,0
"""100""",0.13558833333333334,0.0946
"""101""",0.1072683333333333,0
