States,RACIPE frequency,Boolean frequency
"""001""",0.1392,0.3841
"""011""",0.1279,0.1161
"""110""",0.14879999999999627,0.3804
"""100""",0.1638,0.1194
"""010""",0.0986,0
"""101""",0.09159000000000002,0
"""000""",0.11485,0
"""111""",0.11936,0
