States,RACIPE frequency,Boolean frequency
"""111""",0.11486666666666656,0
"""011""",0.22105000000000047,0.2446
"""100""",0.18861666666666638,0.258
"""010""",0.06023333333333337,0
"""001""",0.13168333333333324,0.2532
"""101""",0.07340000000000009,0
"""110""",0.11949999999999981,0.2442
"""000""",0.09475000000000004,0
