States,RACIPE frequency,Boolean frequency
"""110""",0.11258333333333322,0.2503
"""100""",0.19896666666666635,0.2529
"""101""",0.07920000000000006,0
"""001""",0.14194999999999988,0.2497
"""111""",0.11196666666666653,0
"""000""",0.0973166666666667,0
"""011""",0.19788333333333313,0.2471
"""010""",0.06013333333333337,0
