States,RACIPE frequency,Boolean frequency
"""101""",0.3261083333333355,0.3805
"""011""",0.09316666666666695,0
"""001""",0.028616666666666644,0
"""010""",0.29737500000000205,0.3743
"""111""",0.042308333333333135,0.1197
"""000""",0.08366666666666674,0.1255
"""100""",0.09821666666666683,0
"""110""",0.03224166666666658,0
