States,RACIPE frequency,Boolean frequency
"""101""",0.0866212301587302,0
"""010""",0.12657499999999966,0
"""111""",0.05025444444444442,0
"""100""",0.31797952380952454,0.5039
"""001""",0.04335702380952383,0
"""000""",0.03512015873015875,0
"""011""",0.28760761904762017,0.4961
"""110""",0.0578850000000006,0
