States,RACIPE frequency,Boolean frequency
"""100""",0.3469841666666691,0.5085
"""111""",0.05077333333333328,0
"""011""",0.27576111111111246,0.4915
"""101""",0.09269250000000008,0
"""001""",0.049685555555555524,0
"""000""",0.03589666666666665,0
"""010""",0.11289999999999961,0
"""110""",0.040706666666666606,0
