States,RACIPE frequency,Boolean frequency
"""001""",0.08779662698412762,0.0588
"""110""",0.04492841269841339,0.0613
"""010""",0.1307508730158685,0.2207
"""111""",0.07806634920635062,0.0642
"""011""",0.23459150793651015,0.1514
"""000""",0.07083908730158807,0.0618
"""100""",0.23826404761904632,0.1598
"""101""",0.11476309523808852,0.222
