States,RACIPE frequency,Boolean frequency
"""101""",0.29762111111111195,0.502
"""100""",0.112963333333333,0
"""111""",0.052406666666666775,0
"""010""",0.30451916666666756,0.498
"""110""",0.047636388888888895,0
"""000""",0.04013000000000002,0
"""011""",0.11254333333333291,0
"""001""",0.032180000000000035,0
