States,RACIPE frequency,Boolean frequency
"""101""",0.3185219444444435,0.5041
"""110""",0.04658789682539686,0
"""010""",0.2814198809523817,0.4959
"""111""",0.03826904761904767,0
"""000""",0.04691869047619052,0
"""011""",0.10949984126984084,0
"""100""",0.1261385317460312,0
"""001""",0.035144166666666685,0
