States,RACIPE frequency,Boolean frequency
"""010""",0.25708242063492487,0.156
"""011""",0.10822416666666261,0.222
"""110""",0.045305000000000276,0.0621
"""101""",0.23623059523809917,0.1604
"""000""",0.07452773809523874,0.0617
"""001""",0.07962083333333492,0.0623
"""100""",0.14170329365078974,0.2107
"""111""",0.057305952380953463,0.0648
