States,RACIPE frequency,Boolean frequency
"""100""",0.3672666666666687,0.3724
"""101""",0.06060000000000018,0
"""011""",0.2896000000000021,0.3728
"""010""",0.09958333333333352,0
"""001""",0.06986666666666677,0.1308
"""000""",0.03571666666666664,0
"""110""",0.04926666666666655,0.124
"""111""",0.028099999999999927,0
