States,RACIPE frequency,Boolean frequency
"""011""",0.3771133333333573,0.2422
"""100""",0.38289166666669006,0.2499
"""101""",0.04863166666666627,0.1883
"""111""",0.02180333333333344,0
"""001""",0.061056666666667425,0.0612
"""000""",0.009051666666666635,0
"""010""",0.05372833333333235,0.1922
"""110""",0.04572333333333264,0.0662
