States,RACIPE frequency,Boolean frequency
"""111""",0.022900000000000115,0
"""110""",0.03401166666666634,0.0615
"""011""",0.3611300000000214,0.249
"""100""",0.39817666666668994,0.2513
"""101""",0.049573333333332845,0.19
"""001""",0.07212000000000099,0.0647
"""000""",0.009811666666666621,0
"""010""",0.0522766666666656,0.1835
