States,RACIPE frequency,Boolean frequency
"""101""",0.2881433333333417,0.2529
"""001""",0.06065000000000035,0
"""010""",0.27948666666667293,0.2486
"""000""",0.11021666666666559,0.1536
"""110""",0.06064833333333374,0
"""111""",0.08696833333333412,0.1519
"""011""",0.05777500000000048,0.0999
"""100""",0.05611166666666717,0.0931
