States,RACIPE frequency,Boolean frequency
"""010""",0.11905,0
"""111""",0.11565,0
"""011""",0.17745,0.507223113964687
"""101""",0.1225,0
"""001""",0.09155,0
"""110""",0.0931,0
"""000""",0.1068,0
"""100""",0.1739,0.492776886035313
