States,RACIPE frequency,Boolean frequency
"""001""",0.0559683333333334,0
"""100""",0.17719333333333168,0.1563
"""011""",0.18613277777777795,0.1587
"""110""",0.06256500000000025,0
"""111""",0.13916999999999863,0
"""101""",0.14603666666666545,0.3401
"""000""",0.08869000000000023,0
"""010""",0.15004388888888734,0.3449
