States,RACIPE frequency,Boolean frequency
"""000""",0.10268999999999992,0
"""100""",0.18367416666666567,0.1562
"""110""",0.05584916666666686,0
"""001""",0.06534861111111126,0
"""101""",0.1570272222222209,0.3449
"""010""",0.1351058333333322,0.3383
"""011""",0.17256999999999925,0.1606
"""111""",0.12773499999999904,0
