States,RACIPE frequency,Boolean frequency
"""100""",0.12495,0
"""111""",0.10045,0
"""001""",0.1102,0
"""010""",0.17495,0.4841688654353562
"""101""",0.17115,0.5158311345646438
"""000""",0.0869,0
"""110""",0.11275,0
"""011""",0.11865,0
