States,RACIPE frequency,Boolean frequency
"""100""",0.11795166666666589,0.3481
"""101""",0.175486666666666,0.1531
"""010""",0.18506166666666574,0.155
"""110""",0.11403349206349132,0
"""001""",0.1161438888888882,0
"""111""",0.08789261904761923,0
"""011""",0.15545222222222033,0.3438
"""000""",0.047977777777777765,0
