States,RACIPE frequency,Boolean frequency
"""111""",0.08263000000000022,0
"""101""",0.1814549999999993,0.1539
"""010""",0.17786333333333215,0.1599
"""011""",0.14380476190476058,0.337
"""100""",0.13041404761904693,0.3492
"""110""",0.10228928571428601,0
"""001""",0.13065166666666606,0
"""000""",0.050891904761904735,0
