States,RACIPE frequency,Boolean frequency
"""100""",0.262765000000008,0.2537
"""011""",0.2986283333333392,0.2393
"""111""",0.06715833333333385,0
"""010""",0.04568166666666642,0.1005
"""001""",0.10372499999999986,0.1582
"""101""",0.07018333333333394,0.0952
"""000""",0.06364166666666692,0
"""110""",0.0903166666666677,0.1531
