States,RACIPE frequency,Boolean frequency
"""000""",0.11874999999999974,0
"""110""",0.3644833333333357,0.411
"""011""",0.05895000000000017,0.0947
"""001""",0.31560000000000155,0.4018
"""010""",0.023466666666666677,0
"""100""",0.045733333333333286,0.0925
"""101""",0.03041666666666663,0
"""111""",0.04259999999999987,0
