States,RACIPE frequency,Boolean frequency
"""110""",0.23205,0.4975
"""100""",0.0692,0
"""011""",0.07665,0
"""111""",0.15095,0
"""010""",0.09585,0
"""001""",0.1859,0.5025
"""000""",0.11125,0
"""101""",0.07815,0
