States,RACIPE frequency,Boolean frequency
"""011""",0.0810333333333334,0.1364
"""010""",0.07741666666666669,0
"""110""",0.2572833333333339,0.3723
"""001""",0.20426666666666637,0.3595
"""100""",0.0783666666666667,0.1318
"""111""",0.12368333333333321,0
"""101""",0.07076666666666669,0
"""000""",0.10718333333333326,0
