States,RACIPE frequency,Boolean frequency
"""001""",0.20736666666666714,0.3713
"""100""",0.08923333333333336,0.1359
"""010""",0.07393333333333335,0
"""110""",0.2588333333333337,0.3592
"""011""",0.07511666666666672,0.1336
"""101""",0.07611666666666671,0
"""000""",0.10934999999999993,0
"""111""",0.11004999999999991,0
