States,RACIPE frequency,Boolean frequency
"""110""",0.3096333333333416,0.3418
"""011""",0.0743416666666673,0
"""001""",0.30367500000000885,0.355
"""100""",0.06475000000000075,0
"""101""",0.060325000000000344,0
"""111""",0.09600833333333422,0.152
"""000""",0.04714999999999971,0.1512
"""010""",0.0441166666666665,0
