States,RACIPE frequency,Boolean frequency
"""001""",0.1729835317460299,0.373
"""000""",0.10752559523809437,0
"""110""",0.20179305555555258,0.3748
"""010""",0.09651333333333384,0
"""011""",0.10471416666666462,0.1258
"""111""",0.11562619047618716,0
"""101""",0.08024555555555589,0
"""100""",0.12059857142857015,0.1264
