States,RACIPE frequency,Boolean frequency
"""010""",0.10644444444444098,0.126
"""011""",0.09552000000000052,0
"""000""",0.17287047619047352,0.3707
"""111""",0.1996899999999959,0.377
"""100""",0.0867338888888893,0
"""101""",0.11430920634920512,0.1263
"""110""",0.1192096031745997,0
"""001""",0.10522238095237912,0
