States,RACIPE frequency,Boolean frequency
"""110""",0.24563345238095152,0.3262
"""010""",0.07788015873015941,0
"""101""",0.04865277777777798,0
"""100""",0.1379758333333325,0.1738
"""001""",0.21824753968253918,0.3279
"""011""",0.10725095238095055,0.1721
"""000""",0.09391222222222241,0
"""111""",0.07254706349206398,0
