States,RACIPE frequency,Boolean frequency
"""000""",0.09570809523809543,0
"""001""",0.20660583333333157,0.3311
"""100""",0.1567126190476179,0.1709
"""011""",0.1093422222222201,0.1698
"""110""",0.23890499999999865,0.3282
"""010""",0.07288984126984142,0
"""111""",0.0672647222222227,0
"""101""",0.055871666666666896,0
