States,RACIPE frequency,Boolean frequency
"""011""",0.11706861111110771,0.062
"""111""",0.05989833333333415,0.1264
"""010""",0.040076666666666545,0.0577
"""001""",0.3083605158730245,0.2531
"""110""",0.2855412698412767,0.2487
"""101""",0.055750952380952824,0.0609
"""100""",0.10138174603174727,0.0606
"""000""",0.03192190476190455,0.1306
