States,RACIPE frequency,Boolean frequency
"""100""",0.38708333333333544,0.4097
"""010""",0.10884999999999966,0
"""011""",0.31100000000000205,0.4109
"""000""",0.02410000000000001,0
"""111""",0.02604999999999999,0
"""101""",0.06148333333333354,0
"""110""",0.03451666666666661,0.0885
"""001""",0.04691666666666661,0.0909
