States,RACIPE frequency,Boolean frequency
"""011""",0.3996416666666938,0.2803
"""100""",0.4176166666666868,0.2807
"""111""",0.025616666666666798,0
"""001""",0.03694166666666644,0
"""101""",0.04491666666666624,0.2192
"""010""",0.04684999999999892,0.2198
"""000""",0.011174999999999966,0
"""110""",0.017241666666666725,0
