States,RACIPE frequency,Boolean frequency
"""110""",0.2697053174603225,0.1863
"""001""",0.30157519841270425,0.1884
"""011""",0.12000690476190236,0.1789
"""101""",0.05458206349206375,0.0575
"""000""",0.02832404761904769,0.0614
"""010""",0.044211666666666705,0.0623
"""111""",0.056967857142857396,0.0696
"""100""",0.12792694444444203,0.1956
