States,RACIPE frequency,Boolean frequency
"""010""",0.1269733333333298,0.1878
"""100""",0.2574583333333474,0.2518
"""011""",0.28030833333334665,0.2476
"""000""",0.018743333333333403,0
"""101""",0.19130666666666343,0.1903
"""001""",0.05824833333333378,0.0605
"""110""",0.03530333333333296,0.062
"""111""",0.03165833333333313,0
