"","Edges","pLoopCount","pLoopLengthAvg","pLoopLengthStd"
"1","ZEB1,ZEB1",1,1,0.377964473009227
"2","miR200,TGFB",2,3.5,1.73205080756888
"3","SNAIL,miR200",2,3.5,1.73205080756888
"4","TGFB,SNAIL",2,3.5,1.73205080756888
"5","SNAIL,ZEB1",2,3.5,1.73205080756888
"6","ZEB1,miR200",2,3,1.57359158493889
"7","miR200,ZEB1",2,3,1.57359158493889
"8","miR34,SNAIL",3,3,1.70433620649269
"9","ZEB1,miR34",2,3.5,1.73205080756888
"10","SNAIL,miR34",1,2,0.755928946018454
