States,RACIPE frequency,Boolean frequency
"""001""",0.10537682539682451,0.1189
"""000""",0.05155873015873037,0
"""011""",0.30085083333333434,0.3787
"""111""",0.06627944444444474,0
"""100""",0.31255888888888883,0.377
"""110""",0.045805000000000186,0.1254
"""101""",0.06754777777777803,0
"""010""",0.05002250000000008,0
