States,RACIPE frequency,Boolean frequency
"""000""",0.08886000000000027,0.1239
"""111""",0.05755000000000044,0.1243
"""101""",0.3670816666666664,0.3735
"""110""",0.044144444444444625,0
"""010""",0.2657744444444447,0.3783
"""011""",0.08183111111111144,0
"""001""",0.07315333333333356,0
"""100""",0.026605000000000212,0
