States,RACIPE frequency,Boolean frequency
"""011""",0.3989166666666693,0.4103
"""100""",0.4226916666666616,0.4036
"""000""",0.009949999999999997,0
"""001""",0.052583333333333454,0.0922
"""110""",0.046333333333333254,0.0939
"""010""",0.032849999999999935,0
"""101""",0.013475000000000008,0
"""111""",0.02320000000000003,0
