States,RACIPE frequency,Boolean frequency
"""011""",0.392366666666669,0.4093
"""100""",0.43311666666666226,0.4003
"""000""",0.011833333333333331,0
"""111""",0.02335000000000004,0
"""001""",0.058850000000000124,0.0965
"""110""",0.03691666666666657,0.0939
"""010""",0.029816666666666613,0
"""101""",0.013750000000000023,0
