States,RACIPE frequency,Boolean frequency
"""010""",0.2448166666666682,0.3666
"""110""",0.05383333333333341,0
"""101""",0.3338833333333354,0.3595
"""111""",0.10411666666666633,0.139
"""011""",0.06715000000000015,0
"""001""",0.08006666666666673,0
"""000""",0.0836000000000001,0.1349
"""100""",0.03253333333333331,0
