States,RACIPE frequency,Boolean frequency
"""011""",0.24935,0.5015
"""101""",0.1066,0
"""000""",0.0947,0
"""100""",0.20005,0.4985
"""001""",0.0616,0
"""111""",0.1253,0
"""110""",0.06895,0
"""010""",0.09345,0
