States,RACIPE frequency,Boolean frequency
"""010""",0.21318999999999988,0.5024
"""110""",0.10725999999999994,0
"""100""",0.04905,0
"""001""",0.1195,0
"""011""",0.1172,0
"""101""",0.2588,0.4976
"""111""",0.0949,0
"""000""",0.0401,0
