States,RACIPE frequency,Boolean frequency
"""101""",0.27595,0.5007
"""100""",0.05715,0
"""110""",0.10045,0
"""011""",0.11076999999999998,0
"""010""",0.19809999999999983,0.4993
"""000""",0.048,0
"""111""",0.07961,0
"""001""",0.12996999999999995,0
