States,RACIPE frequency,Boolean frequency
"""110""",0.3121000000000014,0.4926
"""111""",0.09953333333333349,0
"""001""",0.30948333333333483,0.5074
"""101""",0.06793333333333339,0
"""010""",0.050283333333333305,0
"""011""",0.06478333333333353,0
"""100""",0.052350000000000056,0
"""000""",0.04353333333333331,0
