States,RACIPE frequency,Boolean frequency
"""111""",0.057027777777778454,0
"""001""",0.30678500000000025,0.3681
"""101""",0.05487666666666705,0
"""110""",0.28829833333333327,0.3754
"""011""",0.11259888888888701,0.1328
"""100""",0.10154000000000019,0.1237
"""000""",0.0392825,0
"""010""",0.04579083333333282,0
