States,RACIPE frequency,Boolean frequency
"""001""",0.1714999999999999,0.1108
"""110""",0.15415,0.1177
"""101""",0.12115,0
"""111""",0.094,0
"""011""",0.1549,0.3916
"""000""",0.06250000000000003,0
"""100""",0.1453,0.3799
"""010""",0.0965,0
