States,RACIPE frequency,Boolean frequency
"""011""",0.2559908333333339,0.3327
"""001""",0.16380583333333298,0.1641
"""111""",0.0633720238095241,0
"""000""",0.038228571428571514,0
"""110""",0.07619964285714297,0.178
"""100""",0.33058269841270527,0.3252
"""010""",0.03198873015873019,0
"""101""",0.04353166666666685,0
