States,RACIPE frequency,Boolean frequency
"""010""",0.06695,0
"""101""",0.08473000000000003,0
"""111""",0.12716,0
"""011""",0.2038,0.3339
"""110""",0.11385,0.1608
"""000""",0.09005,0
"""001""",0.13615,0.1622
"""100""",0.17730999999999994,0.3431
