States,RACIPE frequency,Boolean frequency
"""100""",0.18548999999999996,0.3422
"""011""",0.18895,0.3308
"""111""",0.1163,0
"""010""",0.06496,0
"""001""",0.1453,0.1672
"""110""",0.10575999999999999,0.1598
"""000""",0.10034000000000001,0
"""101""",0.09290000000000002,0
