States,RACIPE frequency,Boolean frequency
"""100""",0.3955816666666909,0.2505
"""011""",0.36565666666668817,0.2465
"""001""",0.07030833333333437,0.0651
"""010""",0.05127999999999892,0.1893
"""101""",0.05141666666666615,0.1843
"""111""",0.02391166666666679,0
"""110""",0.03272833333333306,0.0643
"""000""",0.009116666666666636,0
