States,RACIPE frequency,Boolean frequency
"""011""",0.3492712301587204,0.3669
"""001""",0.13379329365078765,0.1388
"""100""",0.31615829365076936,0.3628
"""101""",0.0423694047619072,0
"""110""",0.048483373015875596,0.1315
"""111""",0.03285083333333485,0
"""010""",0.04096666666666815,0
"""000""",0.036106904761905693,0
