States,RACIPE frequency,Boolean frequency
"""011""",0.4178849999999935,0.504
"""010""",0.03449999999999997,0
"""100""",0.4462949999999955,0.496
"""001""",0.01770333333333335,0
"""110""",0.044449999999999795,0
"""101""",0.010424999999999986,0
"""111""",0.022108333333333376,0
"""000""",0.008733333333333327,0
