States,RACIPE frequency,Boolean frequency
"""100""",0.43029999999999663,0.4974
"""001""",0.05276666666666674,0
"""011""",0.3829000000000023,0.5026
"""000""",0.00975,0
"""110""",0.030533333333333298,0
"""111""",0.03509999999999993,0
"""010""",0.03104999999999997,0
"""101""",0.027599999999999972,0
