States,RACIPE frequency,Boolean frequency
"""100""",0.3680711904761818,0.5046
"""011""",0.3444881746031728,0.4954
"""010""",0.03191000000000045,0
"""001""",0.1143989682539657,0
"""000""",0.031171944444444894,0
"""111""",0.03225773809523916,0
"""110""",0.04933948412698612,0
"""101""",0.02836250000000061,0
