States,RACIPE frequency,Boolean frequency
"""011""",0.2210061111111117,0.2472
"""100""",0.28989301587301747,0.247
"""010""",0.19245234126983937,0.1567
"""110""",0.04525333333333349,0.0922
"""001""",0.06302392857142886,0.1022
"""111""",0.025374444444444397,0
"""101""",0.1408434920634905,0.1547
"""000""",0.022153333333333337,0
