States,RACIPE frequency,Boolean frequency
"""100""",0.3541666666666684,0.4887152777777778
"""011""",0.33775000000000205,0.5112847222222222
"""110""",0.12441666666666608,0
"""111""",0.024583333333333367,0
"""010""",0.03061666666666663,0
"""001""",0.10205000000000017,0
"""000""",0.0129,0
"""101""",0.013516666666666685,0
