States,RACIPE frequency,Boolean frequency
"""100""",0.47434166666666094,0.5019
"""011""",0.41035833333333566,0.4981
"""001""",0.03004999999999996,0
"""010""",0.03211666666666661,0
"""110""",0.01039999999999998,0
"""111""",0.023175000000000036,0
"""000""",0.012599999999999997,0
"""101""",0.008658333333333318,0
