States,RACIPE frequency,Boolean frequency
"""110""",0.04165833333333317,0.1247
"""011""",0.3653666666666699,0.378
"""100""",0.41589166666666094,0.3712
"""001""",0.09249166666666689,0.1261
"""010""",0.029999999999999926,0
"""000""",0.015900000000000015,0
"""111""",0.0233166666666667,0
"""101""",0.015375000000000034,0
