States,RACIPE frequency,Boolean frequency
"""011""",0.37891666666666945,0.376
"""100""",0.4296666666666617,0.3748
"""010""",0.0464166666666666,0.0599
"""111""",0.024300000000000037,0
"""000""",0.01345000000000001,0
"""101""",0.030516666666666595,0.0613
"""001""",0.045799999999999945,0.0624
"""110""",0.03093333333333322,0.0656
