States,RACIPE frequency,Boolean frequency
"""011""",0.3945166666666686,0.406
"""100""",0.45279999999999626,0.403
"""010""",0.03059999999999996,0
"""001""",0.04856666666666661,0.0953
"""110""",0.030499999999999892,0.0957
"""000""",0.009649999999999999,0
"""111""",0.021833333333333347,0
"""101""",0.01153333333333332,0
