States,RACIPE frequency,Boolean frequency
"""100""",0.4147666666666636,0.5066
"""011""",0.37156666666666843,0.4934
"""000""",0.027649999999999984,0
"""010""",0.03863333333333329,0
"""111""",0.029999999999999978,0
"""101""",0.02713333333333329,0
"""110""",0.036533333333333265,0
"""001""",0.05371666666666681,0
