States,RACIPE frequency,Boolean frequency
"""001""",0.1586333333333329,0.1995
"""101""",0.29748333333333393,0
"""010""",0.2706166666666674,0
"""011""",0.016533333333333365,0.2935
"""110""",0.1988499999999997,0.2024
"""111""",0.016250000000000018,0
"""100""",0.026316666666666644,0.3046
"""000""",0.015316666666666671,0
