"","State","Average","Sdev","Coord","Number"
"1",0,0.010277778,0.004276335,7.7,100
"2",3,0.364444444,0.020161386,1.7,100
"3",1,0.078611111,0.015508361,2.7,100
"4",5,0.041666667,0.012018504,4.7,100
"5",2,0.056111111,0.015752719,3.7,100
"6",6,0.031388889,0.013548609,5.7,100
"7",4,0.401388889,0.012028131,0.7,100
"8",7,0.016111111,0.001924501,6.7,100
