"","State","Average","Sdev","Coord","Number"
"9",0,0.011279084,0.001956537,7.85,1000
"10",2,0.054504625,0.006242781,3.85,1000
"11",6,0.031425781,0.001511756,5.85,1000
"12",1,0.066810072,0.003504553,2.85,1000
"13",5,0.0556902,0.012340292,4.85,1000
"14",3,0.362694091,0.012666756,1.85,1000
"15",7,0.022463707,0.002131891,6.85,1000
"16",4,0.395132441,0.007185885,0.85,1000
