"","State","Average","Sdev","Coord","Number"
"17",1,0.070836111,0.002456869,3,10000
"18",0,0.010138333,0.000227199,8,10000
"19",4,0.395667778,0.004522099,1,10000
"20",2,0.052782778,0.003101149,4,10000
"21",5,0.050468889,0.000132344,5,10000
"22",7,0.021718889,0.000781516,7,10000
"23",3,0.365647778,0.002680984,2,10000
"24",6,0.032739444,0.000947828,6,10000
