"","State","Average","Sdev","Coord","Number"
"25",1,0.070836111,0.000818956,3.15,100000
"26",4,0.395667778,0.001507366,1.15,100000
"27",3,0.365647778,0.000893661,2.15,100000
"28",5,0.050468889,4.41e-05,5.15,100000
"29",0,0.010138333,7.57e-05,8.15,100000
"30",6,0.032739444,0.000315943,6.15,100000
"31",7,0.021718889,0.000260505,7.15,100000
"32",2,0.052782778,0.001033716,4.15,100000
