Var1,Var2,Var3
H,8602,91.2291865521264
HM,436,4.62403224095874
E,194,2.05748223565596
EH,190,2.01505992151872
M,7,0.0742390497401633
