Var1,Var2,Var3
EM,3764,38.0663430420712
E,2922,29.5509708737864
M,2241,22.6638349514563
HM,725,7.33211974110032
H,136,1.37540453074434
EHM,59,0.59668284789644
EH,41,0.414644012944984
